,TSQ1,TSQ2,TSQ3,TSQ4,TSQ5,TSQ6,TSQ7,TSQ8,TSQ9,TSQ10,TSQ11,TSQ12,TSQ13,TSQ14,TSQ15,TSQ16,TSQ17,TSQ18,TSQ19,TSQ20,TSQ21,TSQ22,TSQ23,TSQ24,TSQ25,TSQ26,TSQ27,TSQ28,TSQ29,TSQ30,TSQ31,TSQ32,TSQ33,TSQ34,TSQ35,TSQ36,TSQ37,TSQ38,TSQ39,TSQ40,score_total,cluster
16,7.0,4.0,1.0,8.0,5.0,7.0,1.0,8.0,7.0,3.0,0.0,7.0,6.0,6.0,6.0,2.0,5.0,7.0,6.0,7.0,1.0,9.0,5.0,8.0,7.0,2.0,10.0,2.0,4.0,10.0,1.0,0.0,8.0,6.0,8.0,9.0,6.0,5.0,7.0,3.0,214.0,4
72,9.0,7.0,4.0,1.0,5.0,1.0,1.0,6.0,8.0,9.0,3.0,9.0,3.0,1.0,1.0,2.0,4.0,6.0,7.0,5.0,1.0,6.0,1.0,5.0,9.0,4.0,8.0,9.0,6.0,5.0,6.0,2.0,9.0,6.0,9.0,8.0,6.0,3.0,8.0,4.0,207.0,4
88,7.0,2.0,6.0,0.0,8.0,5.0,1.0,9.0,6.0,7.0,10.0,5.0,10.0,0.0,7.0,0.0,10.0,9.0,8.0,0.0,0.0,9.0,0.0,10.0,7.0,9.0,0.0,0.0,7.0,8.0,0.0,6.0,7.0,5.0,9.0,8.0,10.0,3.0,10.0,0.0,218.0,4
121,9.0,3.0,7.0,2.0,7.0,3.0,1.0,4.0,9.0,6.0,0.0,8.0,6.0,8.0,4.0,2.0,8.0,7.0,9.0,4.0,0.0,6.0,1.0,4.0,10.0,1.0,0.0,8.0,6.0,8.0,9.0,6.0,10.0,0.0,6.0,7.0,5.0,7.0,8.0,3.0,212.0,4
124,8.0,1.0,7.0,3.0,7.0,3.0,2.0,5.0,9.0,8.0,0.0,8.0,7.0,6.0,4.0,3.0,9.0,10.0,6.0,2.0,0.0,10.0,0.0,8.0,8.0,5.0,0.0,0.0,10.0,6.0,2.0,7.0,10.0,0.0,8.0,8.0,8.0,8.0,7.0,0.0,213.0,4
145,10.0,4.0,8.0,0.0,10.0,0.0,0.0,0.0,10.0,8.0,4.0,3.0,3.0,5.0,8.0,6.0,2.0,8.0,6.0,2.0,8.0,4.0,6.0,9.0,2.0,7.0,8.0,2.0,9.0,5.0,4.0,6.0,8.0,5.0,3.0,2.0,7.0,9.0,4.0,3.0,208.0,4
160,10.0,10.0,10.0,4.0,10.0,10.0,8.0,10.0,8.0,10.0,2.0,8.0,10.0,5.0,10.0,0.0,10.0,10.0,10.0,6.0,0.0,10.0,5.0,10.0,10.0,10.0,0.0,10.0,6.0,10.0,7.0,7.0,10.0,10.0,10.0,10.0,9.0,8.0,10.0,10.0,323.0,4
170,10.0,7.0,9.0,0.0,8.0,10.0,4.0,7.0,10.0,7.0,0.0,0.0,5.0,0.0,6.0,6.0,8.0,10.0,3.0,8.0,0.0,8.0,4.0,7.0,9.0,10.0,0.0,9.0,10.0,4.0,3.0,6.0,8.0,0.0,10.0,10.0,8.0,10.0,8.0,0.0,242.0,4
175,10.0,10.0,8.0,10.0,1.0,10.0,0.0,4.0,6.0,10.0,3.0,3.0,10.0,2.0,10.0,2.0,8.0,1.0,9.0,4.0,0.0,10.0,7.0,5.0,10.0,10.0,0.0,0.0,0.0,10.0,0.0,9.0,10.0,0.0,10.0,8.0,0.0,2.0,10.0,9.0,231.0,4
206,6.0,0.0,9.0,6.0,5.0,7.0,10.0,8.0,10.0,4.0,4.0,9.0,10.0,5.0,8.0,0.0,9.0,10.0,0.0,0.0,5.0,10.0,10.0,2.0,10.0,7.0,0.0,10.0,5.0,9.0,8.0,4.0,0.0,7.0,10.0,10.0,5.0,10.0,7.0,0.0,249.0,4
212,7.0,3.0,9.0,7.0,3.0,6.0,3.0,10.0,9.0,7.0,6.0,3.0,4.0,2.0,9.0,8.0,10.0,5.0,7.0,3.0,8.0,10.0,7.0,7.0,10.0,4.0,7.0,3.0,3.0,7.0,6.0,8.0,9.0,9.0,10.0,10.0,4.0,10.0,8.0,2.0,263.0,4
226,9.0,2.0,9.0,0.0,8.0,2.0,0.0,9.0,10.0,7.0,1.0,2.0,9.0,0.0,8.0,3.0,9.0,8.0,6.0,0.0,0.0,8.0,1.0,3.0,9.0,10.0,0.0,8.0,9.0,5.0,0.0,5.0,9.0,3.0,8.0,9.0,4.0,9.0,7.0,0.0,209.0,4
229,9.0,1.0,7.0,0.0,5.0,4.0,0.0,0.0,9.0,5.0,5.0,7.0,10.0,5.0,9.0,5.0,6.0,9.0,8.0,2.0,1.0,8.0,1.0,8.0,9.0,10.0,1.0,1.0,7.0,2.0,6.0,8.0,8.0,0.0,8.0,10.0,8.0,1.0,6.0,0.0,209.0,4
246,10.0,0.0,7.0,2.0,10.0,0.0,1.0,7.0,6.0,8.0,0.0,9.0,4.0,3.0,4.0,0.0,10.0,10.0,8.0,6.0,0.0,10.0,0.0,9.0,10.0,10.0,2.0,0.0,10.0,10.0,0.0,3.0,7.0,8.0,10.0,10.0,10.0,8.0,10.0,0.0,232.0,4
347,9.0,5.0,5.0,0.0,3.0,5.0,5.0,5.0,9.0,3.0,3.0,3.0,9.0,3.0,10.0,3.0,9.0,0.0,8.0,6.0,0.0,10.0,0.0,3.0,8.0,4.0,0.0,5.0,3.0,8.0,0.0,6.0,8.0,7.0,10.0,10.0,7.0,7.0,10.0,5.0,214.0,4
