,TSQ1,TSQ2,TSQ3,TSQ4,TSQ5,TSQ6,TSQ7,TSQ8,TSQ9,TSQ10,TSQ11,TSQ12,TSQ13,TSQ14,TSQ15,TSQ16,TSQ17,TSQ18,TSQ19,TSQ20,TSQ21,TSQ22,TSQ23,TSQ24,TSQ25,TSQ26,TSQ27,TSQ28,TSQ29,TSQ30,TSQ31,TSQ32,TSQ33,TSQ34,TSQ35,TSQ36,TSQ37,TSQ38,TSQ39,TSQ40
TSQ1,1.0,0.4031341246293348,0.5498046867369587,0.28460979848857104,0.5215543315099321,0.370995540392215,0.3607247513345873,0.4066496045623114,0.6274040539448014,0.5717385607646011,0.3299294833871557,0.39759974963538447,0.41701062644068154,0.36431412407137653,0.5276067765438975,0.40296016390576483,0.3384343823057939,0.5130664197131511,0.4282283674109031,0.4221594547092835,0.19099526142583356,0.48752460013546706,0.32824147150700816,0.5604564218522886,0.7084575266882926,0.44176770532362,0.14434504640702456,0.3574931736091191,0.4023532658900201,0.42141765266642767,0.3538119328804711,0.4185451444235741,0.5306440178234167,0.37389929766917773,0.483099009331554,0.5774609452679548,0.40102883260772193,0.5225144160894563,0.5209891184328936,0.3389716294303109
TSQ2,0.4031341246293348,1.0,0.3621473958765106,0.38183549815848755,0.34935182924038954,0.46885403810356446,0.33234628733144506,0.3901314551287601,0.3736139053783376,0.3239496317765799,0.31067698737238464,0.22826407678973354,0.33979149904148626,0.20835786158204203,0.375647076202742,0.28948737846972544,0.2193115018772429,0.27009147380995385,0.3348785398261707,0.37143479862702944,0.16233242596914418,0.35730921254496656,0.2952715832317584,0.2606772857921746,0.2905556133948885,0.1944148802841951,0.2875975636374879,0.2757846605993988,0.2276323746766881,0.2921783901292627,0.20888368224676512,0.32636029394468397,0.38739151441785014,0.32504691165477695,0.3345732104869767,0.45008983426481536,0.2770410906758153,0.3357613763307841,0.3471353793151213,0.4883604560866868
TSQ3,0.5498046867369587,0.3621473958765106,1.0,0.24859809086976747,0.5736603695229666,0.35041507442079484,0.30767594616086985,0.43656315088254155,0.6334168748747068,0.5530435346317087,0.2729995101432191,0.2901750481689204,0.4362590111380694,0.23679053811279116,0.5638708725826098,0.3379377427120335,0.4220393200575956,0.5033841506171652,0.41477675965839883,0.31168627188835063,0.12259417111397666,0.42871270560472347,0.2972596036087977,0.384103589181072,0.4956560787955977,0.5024511795638066,0.08543646363659183,0.24816369802809077,0.4164535954621651,0.4123300315335626,0.19036517951287388,0.4533401336610518,0.5280790193880492,0.36574135362087534,0.41819418637629313,0.4856104796312867,0.3065910966070853,0.44991821187848313,0.45325408743188655,0.2609380417965574
TSQ4,0.28460979848857104,0.38183549815848755,0.24859809086976747,1.0,0.3706819174859906,0.41606046593739326,0.4409242809812796,0.4958165015419442,0.3284916154767286,0.3766585841264556,0.4447337547037445,0.42831369631973154,0.20819660399694828,0.3880588204715892,0.31005480750396797,0.33451543964804537,0.3585885295742123,0.3201591172280631,0.33634849582163384,0.3952081589205737,0.30583818138543895,0.39008724238947745,0.46862308934803243,0.37599477632251765,0.3339275783132928,0.2632737444563703,0.5755298059539945,0.2497777825336604,0.31531119043150246,0.4277884515894179,0.3864656911952977,0.36070835835093074,0.26854191263746074,0.32413422641809186,0.3738565820935657,0.36106228381992816,0.2661950293944887,0.3554068260106098,0.36893483369791896,0.45173482190953906
TSQ5,0.5215543315099321,0.34935182924038954,0.5736603695229666,0.3706819174859906,1.0,0.3144200416359653,0.33162498480609426,0.44239512315042445,0.5552369019700049,0.49839009293698816,0.3491544228311047,0.3419634913573386,0.48793756751936274,0.3798695480074349,0.5209877553251373,0.36638201974365975,0.40651203344595127,0.6682842052104446,0.46306294627609773,0.433476125388598,0.15453470171095265,0.5285495238448851,0.37534253523451044,0.49517322968783856,0.5512364403572626,0.6206928331112288,0.29647052672808066,0.4016313593482827,0.6723510987765825,0.4711887606194736,0.3550213214162643,0.552376462567098,0.5266414245954132,0.4754212554108311,0.4490728885240379,0.5076986604924184,0.4253649444284875,0.4753782704117343,0.5721472483798635,0.3254666844583339
TSQ6,0.370995540392215,0.46885403810356446,0.35041507442079484,0.41606046593739326,0.3144200416359653,1.0,0.4157343513981405,0.5128044327696101,0.4510865105577394,0.4469770136202625,0.4764034956558829,0.36393707659436814,0.28480812533770256,0.26805831153383686,0.41008351233027485,0.40678914945137595,0.36875973206195123,0.38479180317345424,0.4005496712697542,0.4327756653624561,0.2728282036380962,0.39933960408536445,0.5001706549399745,0.4889468329211386,0.4475520787456248,0.33142660023128806,0.23387580403789412,0.3773000822166476,0.3511484750445038,0.359684524575935,0.35508445866545757,0.3857975199662771,0.4033979349045578,0.39802857776896533,0.45025083023397455,0.5093303671246365,0.26672225035955327,0.32568501968342073,0.46282614083457274,0.43261518758577566
TSQ7,0.3607247513345873,0.33234628733144506,0.30767594616086985,0.4409242809812796,0.33162498480609426,0.4157343513981405,1.0,0.5396728000067614,0.38550062785282824,0.3486046766594938,0.3514165490847309,0.37826900770598076,0.19979899592736636,0.3970878706884656,0.38358707041474316,0.3084121767197133,0.2969982899132012,0.32969890480437397,0.3794181167797042,0.50506794229573,0.19544229346882727,0.3947272452422647,0.23924100050894528,0.32388376344644915,0.4029447704495995,0.34447209074453716,0.37671639832340287,0.39818282248723574,0.32745327391382983,0.44062005050929764,0.3100356236323214,0.3992119944993622,0.29688678738203617,0.43915180657814434,0.46497326139679335,0.4315386868713206,0.36183479002667285,0.4472920140679317,0.5141090206086039,0.3613166927068756
TSQ8,0.4066496045623114,0.3901314551287601,0.43656315088254155,0.4958165015419442,0.44239512315042445,0.5128044327696101,0.5396728000067614,1.0,0.44673841879491866,0.5195932176271406,0.35605813195380587,0.4409652282663627,0.36363173883294536,0.37421700886604076,0.42926219021021345,0.3762788461205202,0.4027410653267594,0.360712651308928,0.43759533724922306,0.5057624692439582,0.1913269318151709,0.4297321614678805,0.3739841145984776,0.4392608647806888,0.47633715426131124,0.36517257206877896,0.355642721676461,0.4101443351068929,0.40550980802527453,0.5476681810506225,0.3812710098614297,0.4170950399634536,0.3793462989329418,0.5307499415909278,0.46629932577325117,0.5372110208462695,0.28935891843087364,0.5201844156815354,0.609639060951937,0.4581644535836265
TSQ9,0.6274040539448014,0.3736139053783376,0.6334168748747068,0.3284916154767286,0.5552369019700049,0.4510865105577394,0.38550062785282824,0.44673841879491866,1.0,0.5645668528744356,0.40499333366244106,0.4445964135933163,0.426955629607684,0.42606266008484883,0.5848698428407588,0.5594270401978549,0.43467623855342685,0.5771976378586333,0.38797714138718736,0.4519026300872901,0.21049940427871622,0.4438616072796648,0.3982046532041124,0.4670766906590246,0.6211063406421794,0.4445283348444503,0.2051915737729618,0.44297620398544224,0.4295717160041009,0.4740389636067404,0.3764221574279234,0.5350602896123439,0.6626115119211614,0.36608935741027426,0.46767989269456733,0.5481462679852293,0.3493405687672557,0.577428348986282,0.5016737111803597,0.2968952890224103
TSQ10,0.5717385607646011,0.3239496317765799,0.5530435346317087,0.3766585841264556,0.49839009293698816,0.4469770136202625,0.3486046766594938,0.5195932176271406,0.5645668528744356,1.0,0.34659014622527995,0.377487322899533,0.40518686724688346,0.4361088629197436,0.5172796731335964,0.4233503398511963,0.452014532962908,0.499753430140237,0.4744671162708253,0.45485102159666474,0.20415288874913964,0.4181422209579646,0.3883936859857704,0.42355834657325714,0.5717899762407607,0.5149633155148299,0.21343523516421078,0.29998668087402275,0.46793558300815963,0.45252738788096586,0.35077978531221593,0.4043006368980556,0.5425119940484276,0.4616952429053772,0.4304708464602384,0.4321321780818584,0.36775860498974666,0.5076378190689185,0.5064750305410629,0.2848001455128291
TSQ11,0.3299294833871557,0.31067698737238464,0.2729995101432191,0.4447337547037445,0.3491544228311047,0.4764034956558829,0.3514165490847309,0.35605813195380587,0.40499333366244106,0.34659014622527995,1.0,0.4195344609980966,0.22547989293225731,0.21377547611149808,0.36943163571985366,0.3065761666722295,0.3285843503119989,0.35675435495205426,0.36612257079957744,0.26495964381910636,0.4672767582095629,0.40639601919603263,0.409273243625221,0.2955250919540774,0.3605215592219115,0.29619600388377937,0.38190010424386334,0.28281703429031174,0.3025839675363625,0.33913706708914,0.3321507370582036,0.46435404191005547,0.3453100271692486,0.385302038365487,0.42699677538671676,0.35428383900533605,0.2565203727824424,0.3423945057502615,0.41399457613655877,0.3569902746778846
TSQ12,0.39759974963538447,0.22826407678973354,0.2901750481689204,0.42831369631973154,0.3419634913573386,0.36393707659436814,0.37826900770598076,0.4409652282663627,0.4445964135933163,0.377487322899533,0.4195344609980966,1.0,0.3690576598833042,0.3892789589272399,0.42614881487315903,0.3290830132376494,0.3340130826686423,0.3647491425548766,0.4568460776175208,0.40111345122032255,0.2630175110181667,0.3412444261590592,0.2718875502815601,0.38398146895491486,0.40273040544370886,0.22948295746202457,0.28259842952428843,0.34066302072469556,0.34869216724540825,0.47142348445394966,0.3527504145758075,0.3122955386380625,0.3657191520030315,0.4205587868345934,0.35324263359970115,0.44044606247453194,0.1854462605072121,0.29174203210328997,0.3323734628585058,0.3843059289684772
TSQ13,0.41701062644068154,0.33979149904148626,0.4362590111380694,0.20819660399694828,0.48793756751936274,0.28480812533770256,0.19979899592736636,0.36363173883294536,0.426955629607684,0.40518686724688346,0.22547989293225731,0.3690576598833042,1.0,0.30259187832809226,0.4687293839000645,0.26851737151156774,0.45670011739583616,0.4374871644012929,0.48652567488865756,0.2942518382665456,0.011868752486916136,0.4829523976655488,0.2071667065153172,0.4586289686732503,0.5158856286110497,0.4197839122670801,0.06357368494879448,0.4018238009529739,0.3852625239479884,0.44013315376407086,0.2658851293590393,0.3253396827056837,0.4187219768610849,0.42639873996146116,0.47144261542117716,0.4120914289996829,0.43513691602497223,0.4418787514275643,0.509214268645612,0.329896044879154
TSQ14,0.36431412407137653,0.20835786158204203,0.23679053811279116,0.3880588204715892,0.3798695480074349,0.26805831153383686,0.3970878706884656,0.37421700886604076,0.42606266008484883,0.4361088629197436,0.21377547611149808,0.3892789589272399,0.30259187832809226,1.0,0.37006791252760396,0.42822466674375403,0.34857314968579495,0.36062252489473756,0.30167087903265066,0.489738978433613,0.23254690472427217,0.38972708622203234,0.34226962766335906,0.3225278100040314,0.3730500089163118,0.45234196650539726,0.2282700308696988,0.3686521071133507,0.2857197844335166,0.48222627745997854,0.4453196451542361,0.3232513978230652,0.33247290044780303,0.417056278207102,0.3788783281387399,0.34247772479312055,0.31577035078796795,0.42124790690476194,0.40744096925185364,0.26633757057579455
TSQ15,0.5276067765438975,0.375647076202742,0.5638708725826098,0.31005480750396797,0.5209877553251373,0.41008351233027485,0.38358707041474316,0.42926219021021345,0.5848698428407588,0.5172796731335964,0.36943163571985366,0.42614881487315903,0.4687293839000645,0.37006791252760396,1.0,0.355447039647979,0.454830468036768,0.46615273334286905,0.6171672655362972,0.45266495280181607,0.2028384331685208,0.49402931411247103,0.29242165118433616,0.4387424517575296,0.5089042139843324,0.5447752702694102,0.28145838343769,0.3286343400297179,0.4581467752658246,0.47421961464070095,0.35720756554661764,0.45298769617963464,0.548475347057608,0.3302535849157099,0.4087596836674639,0.49973013911052905,0.36460371077656073,0.4036865471133808,0.47748710520844356,0.29784850218503356
TSQ16,0.40296016390576483,0.28948737846972544,0.3379377427120335,0.33451543964804537,0.36638201974365975,0.40678914945137595,0.3084121767197133,0.3762788461205202,0.5594270401978549,0.4233503398511963,0.3065761666722295,0.3290830132376494,0.26851737151156774,0.42822466674375403,0.355447039647979,1.0,0.3161934713144945,0.36387018922758224,0.38901973401705797,0.6474612750701947,0.38446580761559673,0.38589917816832736,0.3910905486733763,0.2909307055452959,0.3910456313180011,0.33053946199983275,0.36789707666664295,0.4548532601465485,0.3349902488284136,0.4311336965558497,0.502062500958635,0.4532355130893387,0.4759219044464753,0.3405286484309427,0.3552543332814016,0.36909580232262734,0.32154361267620724,0.5051078195457667,0.4055850837909641,0.37294019677619195
TSQ17,0.3384343823057939,0.2193115018772429,0.4220393200575956,0.3585885295742123,0.40651203344595127,0.36875973206195123,0.2969982899132012,0.4027410653267594,0.43467623855342685,0.452014532962908,0.3285843503119989,0.3340130826686423,0.45670011739583616,0.34857314968579495,0.454830468036768,0.3161934713144945,1.0,0.38461311845168283,0.4413681255384505,0.3368358068069852,0.1753047603156256,0.560887128895212,0.3960068691355013,0.3318115815454133,0.4639647024249488,0.47558978222990267,0.22141638086019105,0.4041278011619926,0.3666536705417727,0.4255044849293885,0.36955874833837316,0.4564842063257855,0.4591178527947241,0.3922211941044314,0.5439395660328198,0.43350230743379464,0.3653809677149714,0.3291366610584877,0.4934424900087188,0.2704834113793599
TSQ18,0.5130664197131511,0.27009147380995385,0.5033841506171652,0.3201591172280631,0.6682842052104446,0.38479180317345424,0.32969890480437397,0.360712651308928,0.5771976378586333,0.499753430140237,0.35675435495205426,0.3647491425548766,0.4374871644012929,0.36062252489473756,0.46615273334286905,0.36387018922758224,0.38461311845168283,1.0,0.4507884695340929,0.4057287364776117,0.20473217396443,0.5230230164432752,0.38934584067517,0.4489671829279401,0.43794561107822755,0.5471571735900596,0.32404235021570554,0.41949992745467335,0.5894596204748207,0.3915664704012299,0.40789589525814707,0.4233648459787091,0.5086249365966746,0.4073748717519186,0.500168851131058,0.5488927327736813,0.4148006810106784,0.45814400614222806,0.533454423104415,0.22653531435881163
TSQ19,0.4282283674109031,0.3348785398261707,0.41477675965839883,0.33634849582163384,0.46306294627609773,0.4005496712697542,0.3794181167797042,0.43759533724922306,0.38797714138718736,0.4744671162708253,0.36612257079957744,0.4568460776175208,0.48652567488865756,0.30167087903265066,0.6171672655362972,0.38901973401705797,0.4413681255384505,0.4507884695340929,1.0,0.5582951963359816,0.18386861201006968,0.5155935120337954,0.31506522950309007,0.5124906358280624,0.49513644155683095,0.4971302065179823,0.32581778269053246,0.32283148021428937,0.4535700410715422,0.5326345907029522,0.34681610996116,0.3799672413808798,0.5136836872566811,0.43335121558428086,0.451769990079836,0.4568021494214954,0.399134116442003,0.432058846188031,0.4810221348908142,0.4214605813131847
TSQ20,0.4221594547092835,0.37143479862702944,0.31168627188835063,0.3952081589205737,0.433476125388598,0.4327756653624561,0.50506794229573,0.5057624692439582,0.4519026300872901,0.45485102159666474,0.26495964381910636,0.40111345122032255,0.2942518382665456,0.489738978433613,0.45266495280181607,0.6474612750701947,0.3368358068069852,0.4057287364776117,0.5582951963359816,1.0,0.2974962369646611,0.41455729828781984,0.37290507838683223,0.4332342970695503,0.42412542618070487,0.42362562811692395,0.45590905992603464,0.46493620838752664,0.4703172555237517,0.49514422112137685,0.4977690691053844,0.48106882971009934,0.42892102815954275,0.4490102348145547,0.38983729263988626,0.4929634445262947,0.349477186340564,0.4761342635082995,0.49006913092693627,0.4706429775115371
TSQ21,0.19099526142583356,0.16233242596914418,0.12259417111397666,0.30583818138543895,0.15453470171095265,0.2728282036380962,0.19544229346882727,0.1913269318151709,0.21049940427871622,0.20415288874913964,0.4672767582095629,0.2630175110181667,0.011868752486916136,0.23254690472427217,0.2028384331685208,0.38446580761559673,0.1753047603156256,0.20473217396443,0.18386861201006968,0.2974962369646611,1.0,0.21633856190327733,0.4622139507882617,0.11016749480625453,0.15526188029208438,0.13853759701166302,0.42928512784856515,0.2648706181065874,0.18683221582775292,0.19367849359296263,0.48199124682532507,0.3004787608354575,0.13373777235055279,0.2857464092555408,0.16387834032903303,0.16143419738951403,0.12437659410323205,0.26184133057098896,0.21288513477042798,0.27399810114438605
TSQ22,0.48752460013546706,0.35730921254496656,0.42871270560472347,0.39008724238947745,0.5285495238448851,0.39933960408536445,0.3947272452422647,0.4297321614678805,0.4438616072796648,0.4181422209579646,0.40639601919603263,0.3412444261590592,0.4829523976655488,0.38972708622203234,0.49402931411247103,0.38589917816832736,0.560887128895212,0.5230230164432752,0.5155935120337954,0.41455729828781984,0.21633856190327733,1.0,0.3906874751987778,0.44671626161219796,0.5114410785568829,0.48308588426967164,0.302837277090295,0.3921271172233104,0.4659461898236901,0.5272209546618885,0.3244993913079435,0.48298892697506257,0.4423692260339628,0.4469142824153284,0.8108087239447446,0.5350788128411015,0.3719205511233391,0.42565315048891217,0.719193986493362,0.33854578152565973
TSQ23,0.32824147150700816,0.2952715832317584,0.2972596036087977,0.46862308934803243,0.37534253523451044,0.5001706549399745,0.23924100050894528,0.3739841145984776,0.3982046532041124,0.3883936859857704,0.409273243625221,0.2718875502815601,0.2071667065153172,0.34226962766335906,0.29242165118433616,0.3910905486733763,0.3960068691355013,0.38934584067517,0.31506522950309007,0.37290507838683223,0.4622139507882617,0.3906874751987778,1.0,0.4186584679043994,0.39453408488462566,0.3065448773692734,0.33157310623456887,0.3558036706825489,0.3775253192437116,0.32927469393563114,0.4936679030825984,0.3574946970266772,0.29667994410159426,0.42003089842101476,0.41343325745341236,0.35735551814303074,0.16950149658998812,0.3470415951939714,0.38229507342315994,0.3682145565769523
TSQ24,0.5604564218522886,0.2606772857921746,0.384103589181072,0.37599477632251765,0.49517322968783856,0.4889468329211386,0.32388376344644915,0.4392608647806888,0.4670766906590246,0.42355834657325714,0.2955250919540774,0.38398146895491486,0.4586289686732503,0.3225278100040314,0.4387424517575296,0.2909307055452959,0.3318115815454133,0.4489671829279401,0.5124906358280624,0.4332342970695503,0.11016749480625453,0.44671626161219796,0.4186584679043994,1.0,0.7250569155820575,0.49386021082637344,0.2279166639257159,0.4337081937082768,0.4669825107462841,0.4991013504212754,0.43385534631618045,0.4396911555294165,0.5233368682781794,0.4983614728481914,0.4606157724615241,0.5918654249379225,0.46191838889011794,0.49619860457200377,0.5417918432100652,0.39828938082237614
TSQ25,0.7084575266882926,0.2905556133948885,0.4956560787955977,0.3339275783132928,0.5512364403572626,0.4475520787456248,0.4029447704495995,0.47633715426131124,0.6211063406421794,0.5717899762407607,0.3605215592219115,0.40273040544370886,0.5158856286110497,0.3730500089163118,0.5089042139843324,0.3910456313180011,0.4639647024249488,0.43794561107822755,0.49513644155683095,0.42412542618070487,0.15526188029208438,0.5114410785568829,0.39453408488462566,0.7250569155820575,1.0,0.5527861166509461,0.11830559903158913,0.48456475363230006,0.4499016727550349,0.4969757808712268,0.336399701201752,0.47415322879017896,0.5847677955451512,0.4678607884146343,0.5328868473087668,0.6495406714890677,0.48562991739599876,0.6162054176589294,0.5843370710216659,0.3529323124977549
TSQ26,0.44176770532362,0.1944148802841951,0.5024511795638066,0.2632737444563703,0.6206928331112288,0.33142660023128806,0.34447209074453716,0.36517257206877896,0.4445283348444503,0.5149633155148299,0.29619600388377937,0.22948295746202457,0.4197839122670801,0.45234196650539726,0.5447752702694102,0.33053946199983275,0.47558978222990267,0.5471571735900596,0.4971302065179823,0.42362562811692395,0.13853759701166302,0.48308588426967164,0.3065448773692734,0.49386021082637344,0.5527861166509461,1.0,0.26770826594681607,0.38909398158091485,0.5849646188935975,0.391881985951644,0.32637516601004696,0.5093305473366712,0.5076928398902533,0.4147891568188227,0.4023286817996689,0.42782785699014064,0.47150937730419,0.4252224786374642,0.5525188028349046,0.25836548732961384
TSQ27,0.14434504640702456,0.2875975636374879,0.08543646363659183,0.5755298059539945,0.29647052672808066,0.23387580403789412,0.37671639832340287,0.355642721676461,0.2051915737729618,0.21343523516421078,0.38190010424386334,0.28259842952428843,0.06357368494879448,0.2282700308696988,0.28145838343769,0.36789707666664295,0.22141638086019105,0.32404235021570554,0.32581778269053246,0.45590905992603464,0.42928512784856515,0.302837277090295,0.33157310623456887,0.2279166639257159,0.11830559903158913,0.26770826594681607,1.0,0.26434698534855733,0.3526165278929313,0.2570615066249488,0.4049623981964651,0.2948810302588619,0.1902993604192022,0.26586107832693096,0.2592873757126413,0.26317460361531725,0.26136226436159976,0.25975445906673594,0.3282974132068612,0.3603432941101354
TSQ28,0.3574931736091191,0.2757846605993988,0.24816369802809077,0.2497777825336604,0.4016313593482827,0.3773000822166476,0.39818282248723574,0.4101443351068929,0.44297620398544224,0.29998668087402275,0.28281703429031174,0.34066302072469556,0.4018238009529739,0.3686521071133507,0.3286343400297179,0.4548532601465485,0.4041278011619926,0.41949992745467335,0.32283148021428937,0.46493620838752664,0.2648706181065874,0.3921271172233104,0.3558036706825489,0.4337081937082768,0.48456475363230006,0.38909398158091485,0.26434698534855733,1.0,0.3893451749784925,0.4653980497677611,0.5335149744412105,0.37508499072481494,0.32698941128242376,0.5426598720254222,0.40908260574607525,0.5052369097970911,0.32983602926234307,0.5142767597264302,0.5488617910046626,0.46843046456923604
TSQ29,0.4023532658900201,0.2276323746766881,0.4164535954621651,0.31531119043150246,0.6723510987765825,0.3511484750445038,0.32745327391382983,0.40550980802527453,0.4295717160041009,0.46793558300815963,0.3025839675363625,0.34869216724540825,0.3852625239479884,0.2857197844335166,0.4581467752658246,0.3349902488284136,0.3666536705417727,0.5894596204748207,0.4535700410715422,0.4703172555237517,0.18683221582775292,0.4659461898236901,0.3775253192437116,0.4669825107462841,0.4499016727550349,0.5849646188935975,0.3526165278929313,0.3893451749784925,1.0,0.4456096308235246,0.3585194913116881,0.43938394890290927,0.37518594569802616,0.3952071056536748,0.39293218269640334,0.49141024903340325,0.3789892391470308,0.45218487439696925,0.5218035751947407,0.30157511029862516
TSQ30,0.42141765266642767,0.2921783901292627,0.4123300315335626,0.4277884515894179,0.4711887606194736,0.359684524575935,0.44062005050929764,0.5476681810506225,0.4740389636067404,0.45252738788096586,0.33913706708914,0.47142348445394966,0.44013315376407086,0.48222627745997854,0.47421961464070095,0.4311336965558497,0.4255044849293885,0.3915664704012299,0.5326345907029522,0.49514422112137685,0.19367849359296263,0.5272209546618885,0.32927469393563114,0.4991013504212754,0.4969757808712268,0.391881985951644,0.2570615066249488,0.4653980497677611,0.4456096308235246,1.0,0.46490815847079003,0.46380882063859674,0.40518301103640125,0.5417495150664848,0.4720932046192315,0.48827450228412966,0.35235759237277187,0.4696372772298407,0.5219743601697908,0.5106713054796946
TSQ31,0.3538119328804711,0.20888368224676512,0.19036517951287388,0.3864656911952977,0.3550213214162643,0.35508445866545757,0.3100356236323214,0.3812710098614297,0.3764221574279234,0.35077978531221593,0.3321507370582036,0.3527504145758075,0.2658851293590393,0.4453196451542361,0.35720756554661764,0.502062500958635,0.36955874833837316,0.40789589525814707,0.34681610996116,0.4977690691053844,0.48199124682532507,0.3244993913079435,0.4936679030825984,0.43385534631618045,0.336399701201752,0.32637516601004696,0.4049623981964651,0.5335149744412105,0.3585194913116881,0.46490815847079003,1.0,0.4352689235737457,0.3188450932097907,0.4346980257729709,0.28605029954928735,0.35571611420132165,0.3313829307852064,0.3351700908318345,0.39291424725407614,0.4349148912814912
TSQ32,0.4185451444235741,0.32636029394468397,0.4533401336610518,0.36070835835093074,0.552376462567098,0.3857975199662771,0.3992119944993622,0.4170950399634536,0.5350602896123439,0.4043006368980556,0.46435404191005547,0.3122955386380625,0.3253396827056837,0.3232513978230652,0.45298769617963464,0.4532355130893387,0.4564842063257855,0.4233648459787091,0.3799672413808798,0.48106882971009934,0.3004787608354575,0.48298892697506257,0.3574946970266772,0.4396911555294165,0.47415322879017896,0.5093305473366712,0.2948810302588619,0.37508499072481494,0.43938394890290927,0.46380882063859674,0.4352689235737457,1.0,0.5229832138123387,0.35270171818654994,0.44905213343296746,0.4841620735143314,0.2580370322457863,0.4839552840357703,0.542080489641774,0.3209421308348606
TSQ33,0.5306440178234167,0.38739151441785014,0.5280790193880492,0.26854191263746074,0.5266414245954132,0.4033979349045578,0.29688678738203617,0.3793462989329418,0.6626115119211614,0.5425119940484276,0.3453100271692486,0.3657191520030315,0.4187219768610849,0.33247290044780303,0.548475347057608,0.4759219044464753,0.4591178527947241,0.5086249365966746,0.5136836872566811,0.42892102815954275,0.13373777235055279,0.4423692260339628,0.29667994410159426,0.5233368682781794,0.5847677955451512,0.5076928398902533,0.1902993604192022,0.32698941128242376,0.37518594569802616,0.40518301103640125,0.3188450932097907,0.5229832138123387,1.0,0.35616904833171453,0.4578831983264615,0.565637402176733,0.4455238874988759,0.4516097238198809,0.45731812139183164,0.31241137808017155
TSQ34,0.37389929766917773,0.32504691165477695,0.36574135362087534,0.32413422641809186,0.4754212554108311,0.39802857776896533,0.43915180657814434,0.5307499415909278,0.36608935741027426,0.4616952429053772,0.385302038365487,0.4205587868345934,0.42639873996146116,0.417056278207102,0.3302535849157099,0.3405286484309427,0.3922211941044314,0.4073748717519186,0.43335121558428086,0.4490102348145547,0.2857464092555408,0.4469142824153284,0.42003089842101476,0.4983614728481914,0.4678607884146343,0.4147891568188227,0.26586107832693096,0.5426598720254222,0.3952071056536748,0.5417495150664848,0.4346980257729709,0.35270171818654994,0.35616904833171453,1.0,0.513473053814423,0.46479085368616174,0.404078481750843,0.4921613160539429,0.5923963394831064,0.6076720837315617
TSQ35,0.483099009331554,0.3345732104869767,0.41819418637629313,0.3738565820935657,0.4490728885240379,0.45025083023397455,0.46497326139679335,0.46629932577325117,0.46767989269456733,0.4304708464602384,0.42699677538671676,0.35324263359970115,0.47144261542117716,0.3788783281387399,0.4087596836674639,0.3552543332814016,0.5439395660328198,0.500168851131058,0.451769990079836,0.38983729263988626,0.16387834032903303,0.8108087239447446,0.41343325745341236,0.4606157724615241,0.5328868473087668,0.4023286817996689,0.2592873757126413,0.40908260574607525,0.39293218269640334,0.4720932046192315,0.28605029954928735,0.44905213343296746,0.4578831983264615,0.513473053814423,1.0,0.5009493673234318,0.3922811036709331,0.4441030666957502,0.7518667425471821,0.36849089800952683
TSQ36,0.5774609452679548,0.45008983426481536,0.4856104796312867,0.36106228381992816,0.5076986604924184,0.5093303671246365,0.4315386868713206,0.5372110208462695,0.5481462679852293,0.4321321780818584,0.35428383900533605,0.44044606247453194,0.4120914289996829,0.34247772479312055,0.49973013911052905,0.36909580232262734,0.43350230743379464,0.5488927327736813,0.4568021494214954,0.4929634445262947,0.16143419738951403,0.5350788128411015,0.35735551814303074,0.5918654249379225,0.6495406714890677,0.42782785699014064,0.26317460361531725,0.5052369097970911,0.49141024903340325,0.48827450228412966,0.35571611420132165,0.4841620735143314,0.565637402176733,0.46479085368616174,0.5009493673234318,1.0,0.512668860450268,0.5402794457807493,0.5617656782401038,0.4650205705275737
TSQ37,0.40102883260772193,0.2770410906758153,0.3065910966070853,0.2661950293944887,0.4253649444284875,0.26672225035955327,0.36183479002667285,0.28935891843087364,0.3493405687672557,0.36775860498974666,0.2565203727824424,0.1854462605072121,0.43513691602497223,0.31577035078796795,0.36460371077656073,0.32154361267620724,0.3653809677149714,0.4148006810106784,0.399134116442003,0.349477186340564,0.12437659410323205,0.3719205511233391,0.16950149658998812,0.46191838889011794,0.48562991739599876,0.47150937730419,0.26136226436159976,0.32983602926234307,0.3789892391470308,0.35235759237277187,0.3313829307852064,0.2580370322457863,0.4455238874988759,0.404078481750843,0.3922811036709331,0.512668860450268,1.0,0.5112594593568889,0.36828909996523196,0.30458462985853557
TSQ38,0.5225144160894563,0.3357613763307841,0.44991821187848313,0.3554068260106098,0.4753782704117343,0.32568501968342073,0.4472920140679317,0.5201844156815354,0.577428348986282,0.5076378190689185,0.3423945057502615,0.29174203210328997,0.4418787514275643,0.42124790690476194,0.4036865471133808,0.5051078195457667,0.3291366610584877,0.45814400614222806,0.432058846188031,0.4761342635082995,0.26184133057098896,0.42565315048891217,0.3470415951939714,0.49619860457200377,0.6162054176589294,0.4252224786374642,0.25975445906673594,0.5142767597264302,0.45218487439696925,0.4696372772298407,0.3351700908318345,0.4839552840357703,0.4516097238198809,0.4921613160539429,0.4441030666957502,0.5402794457807493,0.5112594593568889,1.0,0.5702724793034483,0.39965272540550784
TSQ39,0.5209891184328936,0.3471353793151213,0.45325408743188655,0.36893483369791896,0.5721472483798635,0.46282614083457274,0.5141090206086039,0.609639060951937,0.5016737111803597,0.5064750305410629,0.41399457613655877,0.3323734628585058,0.509214268645612,0.40744096925185364,0.47748710520844356,0.4055850837909641,0.4934424900087188,0.533454423104415,0.4810221348908142,0.49006913092693627,0.21288513477042798,0.719193986493362,0.38229507342315994,0.5417918432100652,0.5843370710216659,0.5525188028349046,0.3282974132068612,0.5488617910046626,0.5218035751947407,0.5219743601697908,0.39291424725407614,0.542080489641774,0.45731812139183164,0.5923963394831064,0.7518667425471821,0.5617656782401038,0.36828909996523196,0.5702724793034483,1.0,0.4727095241711953
TSQ40,0.3389716294303109,0.4883604560866868,0.2609380417965574,0.45173482190953906,0.3254666844583339,0.43261518758577566,0.3613166927068756,0.4581644535836265,0.2968952890224103,0.2848001455128291,0.3569902746778846,0.3843059289684772,0.329896044879154,0.26633757057579455,0.29784850218503356,0.37294019677619195,0.2704834113793599,0.22653531435881163,0.4214605813131847,0.4706429775115371,0.27399810114438605,0.33854578152565973,0.3682145565769523,0.39828938082237614,0.3529323124977549,0.25836548732961384,0.3603432941101354,0.46843046456923604,0.30157511029862516,0.5106713054796946,0.4349148912814912,0.3209421308348606,0.31241137808017155,0.6076720837315617,0.36849089800952683,0.4650205705275737,0.30458462985853557,0.39965272540550784,0.4727095241711953,1.0
